date,rsfull_all,rsfull_taipei,rsfull_taichung,rsfull_keelung,rsfull_tainan,rsfull_kaohsiung,rsfull_newtaipei,rsfull_taoyuan,rsfull_chiayi,rsfull_hsinchu,rsfull_yunlin,rsfull_pingtung,rsfull_hualien,rsfull_taitung
2000q1,1.0,1.0,1.0,1.0,1.0,1.0,1.0,1.0,1.0,1.0,1.0,1.0,,
2000q2,1.0054822870288864,0.9576019557516235,1.0487818792557115,0.9417902624805683,0.962544871565608,1.1194354181960093,1.0247036949402515,1.0166843951005498,0.9808051130555175,0.9061452921406346,0.9687319021312769,0.9899158481813484,1.6229410243697644,1.8155014838864514
2000q3,0.9819152303484114,0.9619116290957276,0.9509827845517238,0.9378405573544045,0.9548608216776039,1.1411329719110594,1.0338747059783526,1.0488737412754485,0.9316415253304999,0.8031734030584922,0.9509816748762856,0.9314465841508227,1.2132983294710198,1.3632607008076212
2000q4,0.972246782080605,0.9301594084125582,0.9699241635539365,0.9120246771411691,0.9568460456080234,1.0255742736037123,1.0147701965233886,1.2806889631560165,0.9322391351595013,0.8272726507574072,0.945340965972049,0.8254185717496956,,
2001q1,0.9556332388178376,0.8803120517851649,1.031521225796236,0.858786209426253,0.9069729866375048,1.0545479202162251,1.0306742063505057,1.1530162650788138,0.9870985636971986,1.1203302020046924,0.8340519479686481,0.9340957598325882,,1.4280913764920227
2001q2,0.9457094230791332,0.8853929498007695,0.9923004803457967,0.8626408764522678,0.857098555040684,0.9039211559089958,0.9296956823172035,1.3102840052752887,0.9069508952408551,0.9112328501834278,0.8349783470802856,0.8231313995122109,1.4515551680515641,1.5979254671504712
2001q3,0.9306242580859599,0.843335614542527,0.9420726574221011,0.8790145406095583,0.8616990383742499,0.951373362752562,0.9233562059441445,1.4447668253738264,0.9201188377565449,0.8943775886374441,0.8198380257452658,0.7745028064652205,1.203465819244971,1.4280913764920227
2001q4,0.8907478239285196,0.8296868040873444,0.9507654580317331,0.8283215036837502,0.8680149531932783,0.9198623600378806,0.9565550218785368,0.957779696128175,0.869853337733738,1.1520000650169628,0.7324650343945727,0.9562709033047045,1.367012800905755,
2002q1,0.8951735924170169,0.8512721882913357,0.9890856972282401,0.8266999023646845,0.8238588608095546,0.8929971554663809,0.9520367434645725,0.926885768373702,0.861263291770975,1.1926589864542718,0.7958692609683463,0.8818450637516797,1.609744076575945,2.7937681257137985
2002q2,0.9014172732492645,0.8924053330251976,0.9108874952836322,0.892498033608365,0.8027525132485616,0.9280507352538211,0.9475203090137573,0.8971787903774152,0.8472578637108827,1.305384327275006,0.7978167943742064,0.9665145664822964,1.6657245124209092,1.9276980454705344
2002q3,0.8901585213648803,0.8514449726797784,0.9494456160095944,0.8388381277594162,0.81628358881075,0.936873711294324,0.952992433374768,0.9866747647145098,0.8501122237337434,1.167635370509626,0.7146196545316889,0.9818728594870416,1.5479340451211374,
2002q4,0.8621627646650285,0.8501254773453272,0.9182921517998649,0.808789076352335,0.7810391024886362,0.8430089364222826,0.9424561830410882,0.8607560045117132,0.8466694437512913,1.1159559773387315,0.7979347628385389,0.907530376494308,1.4243049022486218,
2003q1,0.8544019128316817,0.8447742559499372,0.8331168646861465,0.8284692153073474,0.7778449132352482,0.8777255459644031,0.9158931873144297,0.8048215561470615,0.7784176923097563,1.3899998505845332,0.7778049262600377,0.9175930762570024,2.150418120617345,1.1964031387304443
2003q2,0.845442454009923,0.8258341494252182,0.8739339662458689,0.7887662248537118,0.7502847513263989,0.86689282611344,0.9493354408510908,0.8715938480971838,0.8360322034489512,1.2166828121597009,0.8254173833104098,0.9121420322237462,1.0021986222168064,2.1664429579997497
2003q3,0.8502938392737087,0.8564884918894765,0.8799539821190423,0.7887543675670945,0.7697788779188472,0.8339526887282956,0.9624956335124966,0.8245408772309483,0.7994399546007036,1.0304217805590246,0.8343474749052304,0.8829337555915168,1.1349133316243978,1.4182957828008536
2003q4,0.8628289874858135,0.9043803353661153,0.9268896097458936,0.7710072260522267,0.8006092945402493,0.850879295641954,0.9514531894444658,0.7146487164755052,0.804307902214423,1.0348331853528212,0.8020988449892648,0.8584412537746041,1.102504946439504,1.2268369562687973
2004q1,0.8888826698349337,0.9416204837879772,0.8939357325965447,0.782473052393224,0.7742144923619989,0.7906255705036979,0.9841766247857254,0.8442193403407189,0.836307765372572,1.3682743976828944,0.8603876974988028,0.9257294580092095,1.0488844578093426,1.7490941375011988
2004q2,0.96613352842974,,0.8244192675305526,0.9553056013342494,0.8054036476127431,0.9292578905351976,1.0172191002183633,,,,,,,1.1917600348442279
2004q3,0.8928182500405419,0.966122661415062,0.9776523380452196,0.7876978203969703,0.8415958720009941,0.8905121591682191,0.9954352950746022,0.7784335005443627,0.8089798440002898,1.3273929553039654,0.8585603724003885,0.8013665266102795,1.0371175133727748,1.3303016029014165
2004q4,0.8959417961925535,0.9865224563790329,0.9163249910124155,0.783861663524369,0.8264698705616691,0.8142333145885235,1.0370379127440086,0.930244731187922,0.8274040564217735,1.3167083401976294,0.7540804774612477,0.7832347892281872,1.1713991779209132,1.3620286795557344
2005q1,0.930113821485802,1.022475158766433,0.9663468905253885,0.767067759947784,0.8353420767578997,0.8475157018325583,1.0474168058112068,0.8375774373362492,0.8566972682610083,1.3502741001646543,0.8480460601337807,0.8212378725015442,1.3765433893939756,
2005q2,0.9404210451436817,1.0308111925333152,0.9627804662882969,0.7655267322376946,0.8588053444709476,0.854663574296642,1.0962347823494472,0.77337315967972,0.8072004974603761,1.1816565642635344,0.8080245230241364,0.8648233936508963,1.1349554626522576,1.5965310442764156
2005q3,0.94317617828668,1.048289876271094,0.9638425279028031,0.7840686316131843,0.8855815281220216,0.8550465077232456,1.1287206221772932,0.7440994751799135,0.8223827654396514,1.2455968091960241,0.8041653242455432,0.8491630863440656,1.1160499162399364,1.2281923742165062
2005q4,0.9560792725382775,1.10477364206312,1.0111933848210113,0.826151530329181,0.8889486353464604,0.8223532904471632,1.0949945534153904,0.7634940108297272,0.8345612206293116,1.2924060689242354,0.824961463244709,0.921296467260102,1.1416042136008868,1.5169420563205191
2006q1,0.9684762626291583,1.1022785299878561,1.0215378375697903,0.805469735349758,0.8825852715814162,0.8419756593233787,1.0997072751584216,0.7630019519828184,0.8450112424971761,1.514632484474594,0.8453224414513919,1.0246875622971536,1.1038532560733991,1.267950911541367
2006q2,0.9874994983320496,1.1099260457886218,1.0768945369524827,0.8439349429541645,0.8937345440219427,0.8241494673437139,1.141729006694965,0.8265206667178212,0.8264773553568218,1.394072618928438,0.8043224288777271,0.9491034649514011,1.265228790549201,1.3449442105028033
2006q3,0.9902404018760448,1.1460945299342358,1.0599040625194471,0.8472832229283761,0.8996497617708222,0.8517260409390836,1.1078481311950485,0.7557244553197664,0.8759794925045546,1.3893739271863295,0.8776388571648484,0.9293842754284627,1.2931387286282643,1.2657540664030138
2006q4,1.0081312624341985,1.2195342000988831,1.0260471790297092,0.8030496401758035,0.889819078080266,0.8488476479801508,1.1638188063216572,0.8055740501038146,0.8646658912295107,1.3896607701351917,0.8886910677551014,0.9250742509286826,1.1110891303945714,1.082726270794639
2007q1,0.9801122350865695,1.2475115046418281,1.0341019145877024,0.8074626885053844,0.9108484597392398,0.6551059710073293,1.1354243415888312,0.8296826582426482,0.8115446895970678,1.3920330205865559,0.800261817297728,0.9687458867598064,1.1463376112324641,1.1147643880638127
2007q2,1.0424995965253627,1.2795848506391514,1.0286392596178355,0.8318524478054629,0.9075216638040453,0.87523138670054,1.1780260081523852,0.8704010178639376,0.8836502832089682,1.3977889136271655,0.8719495334839492,1.0635627482596637,1.021022760276034,1.1827864242517196
2007q3,1.0301072501869368,1.3273534289670714,1.0481457599727177,0.8350547942496055,0.8797959082580943,0.8042024153228523,1.1923664406289536,0.9097687988297363,0.8895320008693482,1.4157961220933626,0.8378090200823824,1.0242425087505236,1.058857992830617,1.1486421577021966
2007q4,1.0458707792084312,1.3238375990789022,1.052592870773823,0.8148493185606392,0.8773101039867645,0.803265523896491,1.218050986098069,0.866578590874665,0.8914693192520385,1.584416881816574,0.7729439474679414,0.9608422598147369,1.2415042354265233,1.2960048837747886
2008q1,1.06803819852187,1.357615989515001,1.1145033262066542,0.837975742408989,0.9292521610161809,0.7794281297112916,1.240203049639316,0.8301162964905976,0.8662955837646534,1.5448979000100114,0.9177905597026873,1.0085322487991062,1.1252491379677791,1.4186728606887495
2008q2,1.0882279630013822,1.3976646068939274,1.1106963959149585,0.8555774898154198,0.8982473879113635,0.7916558718204073,1.2595188393578942,0.8575256733956572,0.8672311393023212,1.5652470897476938,0.8960065378984255,0.9720650561178122,1.2387264542617753,1.3693023784080762
2008q3,1.0728651586854527,1.3841640109016036,1.03942915763501,0.8377974735488608,0.8772188078661501,0.7929739338933041,1.2732993446692835,0.8146260318288346,0.8842949827337783,1.4650867017029852,0.878982518686273,1.0984165931039915,1.2750997219896958,1.2546225766843726
2008q4,1.0491597752558715,1.3365906550853432,1.0401206408235182,0.8433517382662309,0.9011103898905479,0.7557523527877931,1.2242395676923181,0.7933591509500217,0.8471677090795909,1.5994178472258123,0.878793618462986,0.9870041912720471,1.1520868621420104,1.141070493381576
2009q1,1.03722466990638,1.2929006482720666,1.042510293596918,0.8361342069033582,0.9133163869256092,0.7496503935886467,1.229503065717985,0.8026865398486895,0.87384462546922,1.673710846632436,0.8347328806372842,0.9210005055023758,0.9894385633236483,1.7155331677684251
2009q2,1.0712612480958994,1.3794720764873345,1.0858271082971729,0.8186954147762768,0.875399825452447,0.7809101390571674,1.2586280672905237,0.821794852978766,,1.4474702513612157,0.8456952836998013,0.9656350321880438,1.110572428620012,1.2976030999304655
2009q3,1.0997350388997285,1.4369067887300568,1.0847890520376933,0.8472229075984729,0.9079865119370555,0.7697244617673947,1.2694317956806114,0.7915919549191159,0.8650776242108117,1.5904542125953534,0.9397198556950531,0.9896296164632885,1.130504724265783,
2009q4,1.137881467725674,1.5240720864995794,1.1164040706701814,0.8642834353006705,0.9078141759595572,0.7859027772687242,1.3162333037322678,0.847494282296884,0.8026702943173067,1.692399922427505,0.9157037589607088,1.0109124310220632,1.1012007135398045,1.326593086625207
2010q1,1.1623623189011127,1.5897665934753877,1.0823614228378915,0.8730027064980928,0.9462877272241462,0.7817765978205057,1.3536988435938395,0.8445327982265197,0.8040327427668349,1.614611527700566,0.9370382238899325,1.0000157059695403,1.094980069870574,1.6039566379367127
2010q2,1.1735939216964233,1.6136872768416184,1.1334941752454042,0.9095375438454888,0.9753229243383894,0.7841767712361766,1.392428325410898,0.8615857621977256,0.8232935687013172,1.563623885672381,0.9307613689982195,0.970366512972901,1.0438062291295431,1.4797312009291241
2010q3,1.2184377960148978,1.680988512421624,1.1468649996188218,0.8901531378056448,0.959079714899148,0.7751531437000859,1.4720173766815179,0.8297174682909911,0.8679496260997657,1.6839859591158357,0.9614044182839818,0.9884921211961484,1.220141832652496,1.5574100241181974
2010q4,1.2588547473924487,1.7446378982827844,1.1474761067246408,0.8969615678069973,0.985090708801272,0.8036083584398593,1.5414390391814596,0.9805940777016621,0.8514525360014812,1.3855922680468693,0.9752764386372326,1.0507062246664627,1.2517427367366192,1.6530130832147727
2011q1,1.2904360906422083,,1.162081136674602,0.8912897091738238,0.9995665795188057,0.8455734236295608,1.6213160072028305,0.9381576540588429,0.7449187400890277,1.6401134661828591,1.047532474289019,1.053594054470754,1.2939857983672824,1.5825847401157662
2011q2,1.1750431226895224,1.6151655372540323,0.963885549752552,0.9114651171014438,1.0527346114563279,0.7566232883143739,1.5005062454342526,0.8832514712761449,0.7086392151180732,1.5307263062685812,1.0285446115407002,1.0236917272138177,1.2193511235403407,
2011q3,1.2133161910551833,1.6664313373647162,1.0503640832918848,0.9613972798365591,1.0140189508740451,0.8707772428932911,1.5112983585798314,0.87064255074323,0.7883193405832682,,1.2390130986534318,1.1243606329643632,1.2814076630165303,
2011q4,1.2254026853289826,1.6712801760464073,1.0748044533621486,0.9645904561129556,1.0324633038515532,0.8721140759559243,1.5573153206281403,0.8978060016502761,0.691896212163899,1.8572788478314664,1.0848946863947297,0.9771565483703257,1.2442711206357904,
2012q1,1.239258994085909,1.7155713872593699,1.1292288128108683,0.9600257004439838,0.9849080945980225,0.8656587753460722,1.6113435959935336,0.9334841538927219,0.6278102285258913,1.6215695975121822,1.0911519935647271,0.8195387930552339,1.1336257928850604,1.2400179233279112
2012q2,1.3104478748774886,1.8317217359093236,1.1468364918456513,0.9855317928117472,1.1005929624834547,0.9066076501862438,1.6723511684780876,0.9366211361609719,,1.6195741867677123,1.170300107924804,,1.2368241112344227,
2012q3,1.2971375572611645,1.8066121752689137,1.131260840094889,0.9989289483815452,1.0981010417893222,0.8726634001130273,1.7233300457940495,0.985004197595388,0.6707933875871025,1.9304323902154414,1.0181105060197566,0.7661448556207682,1.2971375572611645,1.2971375572611645
2012q4,1.3324191799636456,1.8240654941717518,1.1679022655794784,1.003484763636429,1.133525232346925,0.8956468233481442,1.7608543512101826,1.0298510447102271,0.6525189499131994,1.9461835602601654,1.0062405694332783,0.7833604369845091,1.3241479823297697,1.2794815694005042
2013q1,1.3883053139081967,1.8985775873897601,1.242731323864899,1.0393327274496285,1.1641453406568034,0.9287431063954709,1.8364130677360047,1.0865117366697659,0.6829845878511268,2.014460251296739,0.9324992938131003,0.8051663752507017,1.351382682482025,1.3537450294013091
2013q2,1.4563423839203924,2.0181646543807283,1.3057461726928725,1.0801781330057911,1.2085840622866628,0.976366442531799,1.914797528537915,1.164956485962065,0.6919418931935937,2.0444811775699354,1.0405858044953955,0.8197758382735632,1.4915559069011168,1.30647072141317
2013q3,1.5058944654590818,2.123229630723232,1.2678250649459677,1.1124183650290158,1.186829802167983,1.0104819091641177,1.9821240697679832,1.2330181090066716,0.702385542524276,2.089718351072527,1.2362034190899691,0.8547056080730829,1.557513535695267,1.3679092526715781
2013q4,1.5610548509403457,2.122709145755537,1.3572986341846685,1.1865401916065594,1.224746462470239,1.0610073747038617,2.0233090728673924,1.3011355817892818,0.7348138414190768,2.1293705906269866,1.1676152487093796,0.8975059073599093,1.6370198959887654,1.4268776448796934
2014q1,1.5968838656919906,2.2247709906790916,1.3487097625084161,1.1984845848281471,1.2728016700711275,1.0923422739444002,2.0784832076135347,1.3255054721415696,0.7539990018594394,2.172097043762864,1.2362545282373711,0.9129537626982764,1.696045102821889,1.5241927958380979
2014q2,1.6469318429188209,2.2185441404945925,1.4360681002283078,1.2547307776601926,1.325732116867248,1.119727498636027,2.1255993957315527,1.3686123093413562,0.7800811928316336,2.2053199782417106,1.332820782567586,0.9374181469989876,1.834574724242175,1.5055179064262088
2014q3,1.6450007942373264,2.159956972279144,1.4412759726317685,1.259140449609928,1.367116580259475,1.1052998419082984,2.118528917219669,1.3757376327059219,0.7759574904814419,2.2364028353727647,1.1701987041184045,0.9444467599044526,1.9712050768511196,1.5839508853910738
2014q4,1.6711735278714521,2.17287984983006,1.4399152920933025,1.299759897437967,1.3913985591662497,1.15016905235387,2.109785257566324,1.3813433900948568,0.7948723211866067,2.286295632670839,1.3002684299254645,0.9845675441732309,2.0308108824548734,1.6906091884606744
2015q1,1.6989154088085963,2.216755594441076,1.4985126804667894,1.332167150381361,1.3880775721855663,1.1733344259079104,2.1198853502987136,1.3852207606182716,0.7972139267439958,2.2756850110380196,1.2976254150518374,1.0179012810095216,2.0874799686289873,1.6162033027560825
2015q2,1.7093917402898162,2.1991494361482102,1.4934285679992352,1.338286788904936,1.4089502767878976,1.163543317091322,2.1111215276838324,1.3919250931887845,0.8121491415186226,2.397793739708141,1.3482855757208745,1.0705080812193226,2.2052664148023315,1.7597136729687404
2015q3,1.7004042632968208,2.1266387078979645,1.5121108882690661,1.380954540541631,1.4039764281191127,1.170382991022388,2.077629125242839,1.3974202346063298,0.800431454306896,2.3421146643636352,1.3431388234908435,1.0571226878322866,2.266423078069547,1.8268035731366237
2015q4,1.688258904920673,2.03441603420336,1.5014819007937867,1.375196114725791,1.4311262077066247,1.16862151994926,2.041378533063552,1.366126060246206,0.8080307384361928,2.4363728518968797,1.2927081449298632,1.080443754164955,2.2365371584640052,1.7514819083166053
2016q1,1.6878429129060595,2.0965031521859565,1.4848777066872099,1.3746156371138865,1.445539772171047,1.1584985372416088,2.04508524365905,1.3567709828795436,0.8454606069875206,2.36127883887426,1.4027217046346374,1.0825156396980102,2.2169060192449033,1.7477222848206393
2016q2,1.6928684129441565,2.097948803248607,1.506851430371297,1.3962625273182094,1.3848366367708291,1.1703376125255822,2.060912306799623,1.3590955927858688,0.8479028986323864,2.403446045746692,1.3503596704437377,1.033430577546041,2.292329379649411,1.9245177236076416
2016q3,1.7028366556441967,2.0943350369144165,1.4978461415798057,1.4286135405618094,1.4253597497058763,1.1760819193568262,2.054436549486543,1.3823761669960357,0.8693032200765778,2.3867844837867422,1.376398355690446,1.069840922279048,2.341043121184843,1.886951711953068
2016q4,1.6924769368293748,2.086546189843179,1.5043533801841993,1.4205627725952232,1.4231589355979222,1.177244656071137,2.0263829766700754,1.3407249689994556,0.8369398539816953,2.408380423979322,1.4036987852872649,1.0667820123284966,2.321469185732016,1.9964560645370555
2017q1,1.694665986171009,2.0230992348762578,1.5326577526555416,1.3991404416184965,1.4248682396795713,1.1643785432315703,2.0453658017905054,1.3496061608466545,0.8550459090994466,2.385171414481478,1.299692281190108,1.0460809315585946,2.311682412576236,1.8929839204493555
2017q2,1.7147519018176864,2.056099354853372,1.5576234350095115,1.4628316519028297,1.4763174579804224,1.1918388169756071,2.0560349381040166,1.3589863558203554,0.8798372252765682,2.3821527973528984,1.4174446006621892,1.0836009605004826,2.3767622683853875,1.9223988494078554
2017q3,1.718312674126124,2.0626418201848913,1.5581509419392479,1.4447453440421179,1.4662664293348204,1.1940275440494306,2.0456980598233345,1.3436518104721904,0.8468303000056346,2.3772720851407168,1.422017443999977,1.1355680297558404,2.3461062382121,1.8869358868748694
2017q4,1.738284311954007,2.0999004863815496,1.5891677385268856,1.448417207070579,1.476150876052383,1.1946692134475336,2.036928033220289,1.3577697771359054,0.8860051704754316,2.43641223271764,1.4218713451423632,1.12264209343872,2.377907770562205,1.918239707544253
2018q1,1.7530208323145398,2.0865353501701276,1.592930990837545,1.4262563679223135,1.505747114950897,1.1904841815796114,2.0633275538588034,1.3668967275304045,0.8723384930760707,2.473526918895161,1.3112107762110132,1.1515076734770304,2.2806656484482746,2.098248156060591
2018q2,1.7694730765220619,2.1141259313108347,1.6208696266792848,1.4577374139447683,1.5033182252565633,1.1974658378458758,2.024366335850487,1.3892896159576986,0.8823157397643636,2.4901338496184677,1.401707157515389,1.1653237168874109,2.318352423609429,1.9520349403198685
2018q3,1.7743688628044325,2.1367570007079935,1.6343349113328502,1.428759583974063,1.5171866923638415,1.2009686214675896,2.2411803845748866,1.376337697263097,0.9328209142645555,2.442770690924532,1.3404882745994715,1.1741890854697412,2.412872243131935,1.9940576571936797
2018q4,1.7844441193529472,2.121260604113407,1.6669591164481785,1.4733269987918953,1.524630499705923,1.2062652519745756,2.1426408895553966,1.369800322904076,0.9260575728548699,2.4576527803071806,1.4070916385485757,1.1933734292689708,2.308624410784993,1.9122158007283323
2019q1,1.762399655708561,2.129875253609959,1.6525544327929984,1.432363419941139,1.5372824904791071,1.221578225721719,2.049782524364871,1.3728949105916615,0.9273890306498914,2.310742435417288,1.2729108843292585,1.17695732006207,2.409260752745009,1.9046512836356524
2019q2,1.792950228598443,2.2229228264237912,1.7030213363826394,1.5711848755764068,1.6006555487523315,1.2509585334786841,2.0788902581703512,1.3931529009210872,0.927006074704918,2.3060788968490056,1.2316942076588075,1.2086764832296255,2.38272300460227,2.5577557631627097
2019q3,1.8282548106356873,2.1513150429387453,1.7708678002586584,1.5264247673644316,1.659690558859967,1.2936588263096147,2.086767082810662,1.4184575602568932,0.9399745232671394,2.491668157282211,1.3454411785891562,1.2411438634631802,2.2546105651905926,2.3754342589542636
2019q4,1.8675806488141968,2.149179266025142,1.799560082072069,1.5559234388888232,1.6414560420105344,1.327323387763095,2.0897263851652994,1.5175797146659542,0.9835400718553877,2.3950812891566495,1.3179461880746375,1.400445835014383,2.4490059554957813,2.4633953618459907
2020q1,1.960296798563332,2.2702230044130296,1.8634548255814685,1.6561021272991099,1.842379323170269,1.376126303017356,2.167468216193133,1.491828651427798,1.1622533828110535,2.5238254930816586,1.26854257939213,1.6094690754056622,2.577958421189541,2.9157047635016
2020q2,1.896265159614203,2.0526779927158483,1.798079487884553,1.5653192646844054,1.7186557297413452,1.3570048516594393,2.063075947672117,1.490142619742774,1.0935065858494792,2.4813239353192413,1.3575785829866711,1.499832597349047,2.553712325969215,2.685740175097486
2020q3,1.731929505347229,2.089156744436443,1.6211192959466936,1.4085537486706752,1.4886670317266977,1.1383825986729235,2.0079666101356968,1.376862014997477,0.9762720255008815,2.439603430501905,1.4557615968004454,1.4233982324425265,2.4299259700247595,2.1514457129902076
2020q4,1.9681251534351585,2.1746687572060117,1.884442429191245,1.5953438723001196,1.8218899656416263,1.367232292176084,2.135529395788423,1.5642921597310389,1.0824478860617184,2.6292608841542506,1.608965644013691,1.5243282403598675,2.8219576488219538,2.707625998818619
2021q1,2.177734929576975,2.3980679149959343,2.078035436134935,1.5655452224125292,2.1554591308150313,1.5229948551256582,2.2899068522876953,1.7469529141398437,1.4118403082429773,2.7996804207786647,1.7144682614994435,1.687986664789101,3.294153466367934,2.5873094858398367
2021q2,2.1464427831456065,2.354067333483607,2.0641119908411314,1.6928435331637417,2.0182226353961603,1.50455451755153,2.312754417368823,1.6283521047224945,1.4621094305500775,2.8469978282249526,1.4070108005743978,1.6031283073515736,3.072307661934717,3.030554360531549
2021q3,2.0548469711046784,2.360891810975686,2.045748686128207,1.6251841775248579,1.9696677918212577,1.4257435877566023,2.215989607630492,1.587593911531454,1.0861764911066212,2.7232105885915385,1.420591682047347,1.4883668565122543,2.6716069534148352,3.1903751978167203
2021q4,2.172525625147014,2.430681600628759,2.1342610230310792,1.7239549754752952,2.156054960440306,1.5496427665105297,2.3187998591694687,1.695244626284975,1.2473920894677388,2.83358228832915,1.4664891217692235,1.4937174589549387,2.661183545145952,3.1740276326100694
2022q1,2.3017678713710663,2.5705563803643443,2.273701026063763,1.8107884725996783,2.225000881500611,1.6739127399431653,2.4141448172830704,1.7821268230334566,1.317154735935475,3.0611142463478056,1.4860262551355403,1.663042367350829,2.8050113249188713,3.2960112267774435
2022q2,2.3624650885154996,2.5164279309974598,2.3495487847356897,1.8744304356868564,2.40998434755794,1.7375127976087628,2.4213983134458172,1.8380889500160607,1.3180347497806506,3.312204622126933,1.5163610612845002,1.7755621549570875,2.989125602945208,3.119906124598416
2022q3,2.4361956844077812,2.5274974051177677,2.4417790103895336,1.9131270451821556,2.521721509255108,1.7928604265648513,2.5207360549425193,1.8880131982682444,1.5066440743453726,3.2361199112016545,1.5029203736282297,1.8522512630281018,3.007496313599919,3.3336100560122155
2022q4,2.510502209375487,2.5390192549267625,2.4638672176706384,2.0402454488297646,2.5475034941849675,1.8805513173203092,2.5913684601994342,1.93787529275556,1.511016708121698,3.62426673973482,1.5910390596568469,1.8245723647566623,3.0679282661138925,3.4680259353834035
2023q1,2.567299452740259,2.644290185057247,2.6002088103883865,2.0151840196940842,2.5208959568918914,1.9315742882644575,2.652939596075564,1.9711953252488787,1.5193781476979713,3.7502515836012553,1.570332219130164,1.8663516227944033,3.280902817079244,3.5095322617956692
2023q2,2.5648137480392794,2.6165978916510726,2.588122645824981,2.040579590562998,2.399729291738774,1.8962683342217046,2.676233848304562,2.0074571712787352,1.6494250629874991,3.6564489781121012,1.5282055552894327,1.8899445939363315,3.195190431856785,3.6740954339901872
2023q3,2.669570706877446,2.7277610873911966,2.6340864525145404,2.1209490184624045,2.9041400287028236,1.97452058490788,2.728069720418997,2.097126043402634,1.6184356159090727,3.8250276544092063,1.5818276030425824,1.9848581429169678,3.226418369979069,3.724332793300378
2023q4,2.723393354395907,2.8347806374461237,2.6575622643421055,2.1624710984882007,2.8083509178658743,2.00177744081335,2.8115852240992547,2.1924776017433,1.5698093336875123,4.143455565867068,1.6996359185924947,2.0224898757788052,3.3787671760793927,3.704607222467107
2024q1,2.891320912272693,2.8959066377514775,2.874460262726507,2.359967442907714,2.8657705115309335,2.142333233151575,2.9513552181313627,2.2983555059419887,1.8588704375987741,4.4868005334016345,1.7276266271123948,2.0046597696263713,3.4874058190576642,4.20799517713879
2024q2,2.9999733049090715,2.9727082505792044,2.976084930900835,2.4000255925596576,3.0553046181155414,2.216393383396287,3.1011289707463003,2.334962398942263,1.9538908699653603,5.114689690908046,1.742407453627739,2.0616473861206117,3.483413618797681,4.062899185976137
2024q3,3.088274257840801,3.026721799411742,3.0049709976961534,2.5329113124907474,3.0941139247546685,2.314705722193541,3.201167418239622,2.4589535453305333,2.012928268038305,5.139933955274893,1.763501481579861,2.2715357572828583,3.5318483460445464,4.049244089197093
2024q4,3.1280858740345043,2.9637619070872727,3.092378092758253,2.4343406000086705,3.1370935995303024,2.425117102701661,3.23875548686745,2.4399451313261773,2.1442168218882567,4.950188473905555,1.8414242999459434,2.1954515971898423,3.709978409664214,4.316679998214101
2025q1,3.1925205336226745,3.1051553250173893,3.1736792074359403,2.575967447702573,3.1578837269342914,2.3239944386906837,3.2964801500813676,2.5824893242782556,2.241474551440462,5.340994086969763,1.9090765213383492,2.2014678262830896,3.829635847050152,3.8128920063197578
2025q2,3.2306672737616333,3.1171472553143893,3.0673505304363298,2.6952762248317352,3.2226858539033003,2.461379932162638,3.3680219566034477,2.563505535378839,2.2792049354294286,4.981407812606596,1.9503040917912142,2.223170947909658,3.7928404648183474,3.3875916028814403
2025q3,3.1883405078444005,3.1274906520014563,3.091162213607319,2.7175869033222577,3.2872172989655084,2.392261587486426,3.3158110878710483,2.505386347703921,2.3394774653669375,4.900375210421958,1.9869527102432556,2.2028938517028567,3.8361701774948553,4.0810365415842975
2025q4,3.253077919338435,3.1684369749702737,3.0750006818674716,2.7140503951663026,3.3895647084644405,2.466984351050844,3.3253752249591964,2.5524338911970275,2.300312656797954,5.21029937415768,1.967306333619643,2.3704422234075335,3.564594194536337,3.93455001896026
2026q1,3.219422258563981,3.21389567316926,3.1900344110316126,2.4865833852942876,3.3033639963041868,2.428606621839693,3.318919458274647,2.541333090890967,2.436192053513213,4.058996446189796,1.795928403007641,2.3203022564038602,4.042158864431821,
